<?xml version="1.0" encoding="UTF-8"?>
<project-private xmlns="http://www.netbeans.org/ns/project-private/1">
    <editor-bookmarks xmlns="http://www.netbeans.org/ns/editor-bookmarks/2" lastBookmarkId="0"/>
    <open-files xmlns="http://www.netbeans.org/ns/projectui-open-files/2">
        <group>
            <file>file:/Users/sterlingpro/Documents/APPDEV/JAVA/NetbeansProjects/UscTicketBookingApp/src/uscticketbookingapp/GenerateReport.java</file>
            <file>file:/Users/sterlingpro/Documents/APPDEV/JAVA/NetbeansProjects/UscTicketBookingApp/src/uscticketbookingapp/data/ExerciseClassData.java</file>
            <file>file:/Users/sterlingpro/Documents/APPDEV/JAVA/NetbeansProjects/UscTicketBookingApp/src/uscticketbookingapp/UscTicketBookingApp.java</file>
        </group>
    </open-files>
</project-private>
